train_loss,train_acc,step
0.31097105145454407,0.9144666790962219,0.0
0.1256309598684311,0.9633333086967468,1.0
