train_loss,train_acc,step
0.3123532831668854,0.9135500192642212,0.0
0.12847685813903809,0.9624166488647461,1.0
0.08329059928655624,0.9755499958992004,2.0
